--
-- PostgreSQL database dump
--

-- Dumped from database version 12.4
-- Dumped by pg_dump version 12.4

SET statement_timeout = 0;
SET lock_timeout = 0;
SET idle_in_transaction_session_timeout = 0;
SET client_encoding = 'UTF8';
SET standard_conforming_strings = on;
SELECT pg_catalog.set_config('search_path', '', false);
SET check_function_bodies = false;
SET xmloption = content;
SET client_min_messages = warning;
SET row_security = off;

SET default_tablespace = '';

SET default_table_access_method = heap;

--
-- Name: food_diary; Type: TABLE; Schema: public; Owner: postgres
--

CREATE TABLE public.food_diary (
    id bigint NOT NULL,
    date date,
    total_calories integer NOT NULL,
    total_price real NOT NULL,
    mealoo_user_id bigint,
    total_proteins integer,
    total_carbohydrates integer,
    total_fats integer
);


ALTER TABLE public.food_diary OWNER TO postgres;

--
-- Name: food_diary_list_of_meals; Type: TABLE; Schema: public; Owner: postgres
--

CREATE TABLE public.food_diary_list_of_meals (
    food_diaries_id bigint NOT NULL,
    list_of_meals_id bigint NOT NULL
);


ALTER TABLE public.food_diary_list_of_meals OWNER TO postgres;

--
-- Name: hibernate_sequence; Type: SEQUENCE; Schema: public; Owner: postgres
--

CREATE SEQUENCE public.hibernate_sequence
    START WITH 1
    INCREMENT BY 1
    NO MINVALUE
    NO MAXVALUE
    CACHE 1;


ALTER TABLE public.hibernate_sequence OWNER TO postgres;

--
-- Name: image; Type: TABLE; Schema: public; Owner: postgres
--

CREATE TABLE public.image (
    id bigint NOT NULL,
    file_path character varying(255),
    file_url character varying(255),
    meal_id bigint
);


ALTER TABLE public.image OWNER TO postgres;

--
-- Name: ingredient; Type: TABLE; Schema: public; Owner: postgres
--

CREATE TABLE public.ingredient (
    id bigint NOT NULL,
    amount integer NOT NULL,
    product_id bigint
);


ALTER TABLE public.ingredient OWNER TO postgres;

--
-- Name: meal; Type: TABLE; Schema: public; Owner: postgres
--

CREATE TABLE public.meal (
    id bigint NOT NULL,
    meal_difficulty integer,
    name character varying(255),
    price double precision NOT NULL,
    total_calories integer NOT NULL,
    total_carbohydrates integer,
    total_fats integer,
    total_proteins integer,
    recipe character varying(500)
);


ALTER TABLE public.meal OWNER TO postgres;

--
-- Name: meal_id_seq; Type: SEQUENCE; Schema: public; Owner: postgres
--

ALTER TABLE public.meal ALTER COLUMN id ADD GENERATED BY DEFAULT AS IDENTITY (
    SEQUENCE NAME public.meal_id_seq
    START WITH 1
    INCREMENT BY 1
    NO MINVALUE
    NO MAXVALUE
    CACHE 1
);


--
-- Name: meal_images; Type: TABLE; Schema: public; Owner: postgres
--

CREATE TABLE public.meal_images (
    meal_id bigint NOT NULL,
    images_id bigint NOT NULL
);


ALTER TABLE public.meal_images OWNER TO postgres;

--
-- Name: meal_ingredients; Type: TABLE; Schema: public; Owner: postgres
--

CREATE TABLE public.meal_ingredients (
    meals_id bigint NOT NULL,
    ingredients_id bigint NOT NULL
);


ALTER TABLE public.meal_ingredients OWNER TO postgres;

--
-- Name: mealoo_user; Type: TABLE; Schema: public; Owner: postgres
--

CREATE TABLE public.mealoo_user (
    id bigint NOT NULL,
    email character varying(255),
    age integer,
    height integer,
    physical_activity integer,
    sex integer,
    weight integer,
    daily_caloric_goal integer NOT NULL,
    password character varying(255),
    username character varying(255),
    mealoo_user_role integer
);


ALTER TABLE public.mealoo_user OWNER TO postgres;

--
-- Name: product; Type: TABLE; Schema: public; Owner: postgres
--

CREATE TABLE public.product (
    id bigint NOT NULL,
    calories_per100g integer NOT NULL,
    carbohydrates_per100g integer NOT NULL,
    fats_per100g integer NOT NULL,
    proteins_per100g integer NOT NULL,
    name character varying(255),
    price double precision NOT NULL,
    product_type integer
);


ALTER TABLE public.product OWNER TO postgres;

--
-- Data for Name: food_diary; Type: TABLE DATA; Schema: public; Owner: postgres
--

COPY public.food_diary (id, date, total_calories, total_price, mealoo_user_id, total_proteins, total_carbohydrates, total_fats) FROM stdin;
250	2020-09-04	2968	17.5	15	182	461	44
251	2020-09-04	2904	17.3	222	198	438	40
16	2020-08-19	0	0	14	0	0	0
17	2020-08-19	3934	29.6	15	311	290	170
142	2020-08-25	2874	22.6	15	276	150	130
176	2020-08-27	1060	7	15	35	140	40
178	2020-08-30	2700	19	15	155	160	160
179	2020-08-30	1640	12	14	120	20	120
220	2020-09-03	1833	9.8	15	136	284	17
252	2020-09-09	3005	17	15	190	451	49
253	2020-09-10	0	0	15	0	0	0
221	2020-09-03	1929	10.94	14	139	278	29
254	2020-09-10	2988	18.3	222	189	441	52
\.


--
-- Data for Name: food_diary_list_of_meals; Type: TABLE DATA; Schema: public; Owner: postgres
--

COPY public.food_diary_list_of_meals (food_diaries_id, list_of_meals_id) FROM stdin;
17	2
17	3
17	1
142	1
142	3
176	2
178	2
178	3
179	3
251	35
220	32
220	35
220	27
220	31
251	30
251	29
251	28
251	26
251	30
221	28
221	28
221	24
221	35
252	25
252	35
252	28
252	24
252	29
252	38
250	26
250	24
250	25
250	29
250	28
250	38
254	30
254	28
254	34
254	24
254	32
254	38
\.


--
-- Data for Name: image; Type: TABLE DATA; Schema: public; Owner: postgres
--

COPY public.image (id, file_path, file_url, meal_id) FROM stdin;
1	C:\\Users\\Damian\\Desktop\\zdjecia\\high.jpeg	https://res.cloudinary.com/codebuddies/image/upload/v1598938879/byfrxl8klgrscou8ldxg.jpg	2
181	C:\\\\Users\\\\Damian\\\\Desktop\\\\MealImages\\\\PastaAndChicken.jpg	http://res.cloudinary.com/codebuddies/image/upload/v1599062509/yb51eybrafc7acmm1t4x.jpg	1
186	C:\\\\Users\\\\Damian\\\\Desktop\\\\MealImages\\\\beef.jpg	http://res.cloudinary.com/codebuddies/image/upload/v1599113484/gvjgldvrntd4ma1spk4y.jpg	3
\.


--
-- Data for Name: ingredient; Type: TABLE DATA; Schema: public; Owner: postgres
--

COPY public.ingredient (id, amount, product_id) FROM stdin;
8	300	2
9	500	3
10	400	4
11	600	5
12	200	6
13	1000	7
55	150	4
56	300	1
57	100	1
58	150	3
59	250	5
60	300	6
61	1000	7
62	50	4
63	200	2
64	100	1
65	100	1
66	600	3
67	1000	7
68	600	3
69	1000	7
70	600	3
71	1000	7
72	600	3
73	1000	7
78	600	3
79	1000	7
80	600	3
81	1000	7
82	200	1
83	150	3
84	250	5
85	300	6
86	1000	7
87	50	4
88	200	2
89	200	1
90	150	3
91	250	5
92	300	6
93	1000	7
94	50	4
95	200	2
96	200	1
97	150	3
98	250	5
99	300	6
100	1000	7
101	50	4
102	200	2
103	200	1
104	150	3
105	250	5
106	300	6
107	1000	7
108	50	4
109	200	2
110	201	1
111	150	3
112	250	5
113	300	6
114	1000	7
115	50	4
116	200	2
117	201	1
118	150	3
119	250	5
120	300	6
121	1000	7
122	50	4
123	200	2
124	205	1
125	150	3
126	250	5
127	300	6
128	1000	7
129	50	4
130	200	2
131	205	1
132	150	3
133	250	5
134	300	6
135	1000	7
136	50	4
137	200	2
138	205	1
139	150	3
140	250	5
141	300	6
172	300	6
173	600	5
175	500	174
189	80	188
190	100	5
196	80	188
197	120	195
198	100	188
199	100	194
200	100	188
201	100	193
202	100	191
203	100	193
204	100	191
205	100	194
206	100	191
207	100	193
208	100	191
209	100	195
210	100	191
211	100	5
212	100	192
213	100	5
214	100	192
215	100	195
216	100	192
217	100	193
218	100	192
219	100	194
226	100	192
227	100	192
228	400	7
229	300	3
230	100	192
231	400	7
232	300	3
233	100	192
234	400	7
235	300	3
236	70	6
237	300	7
238	300	3
\.


--
-- Data for Name: meal; Type: TABLE DATA; Schema: public; Owner: postgres
--

COPY public.meal (id, meal_difficulty, name, price, total_calories, total_carbohydrates, total_fats, total_proteins, recipe) FROM stdin;
1	1	PastaAndChicken	10.6	1234	130	10	156	Test recipe
2	2	MilkAndStrawberry	7	1060	140	40	35	Add milk and strawberries
3	3	OnlyBeef	12	1640	20	120	120	You need a lot of patience and strong will. Take some amount of meat and smash. Add pepper, salt and eat!
9	2	BeefAndEgg	7.5	1051	10	75	84	Meal for ketogenic supporters. Cook egg for 5 minutes, mill beff and bake 20 minutes in 200 degrees of Celsius
18	2	ProductMedley	15.9	3071	425	75	174	Mix up everything and be proud of being an omnivore
22	0	SauerkrautONLY	2	100	20	0	5	Recommended for sailors. Good to mix up with one litre of rum toddy
23	0	RiceAndChicken	2.3	377	64	1	28	\N
24	0	RiceAndBeefLeg	4.04	461	64	9	31	\N
25	0	RiceAndPorkLoin	2.4	484	80	4	32	\N
26	0	RiceAndTurkeyBreast	2.8	441	80	1	28	\N
27	0	BuckwhaetGroatsndTurkeyBreast	2.7	452	72	4	32	\N
28	0	BuckwhaetGroatsndPorkLoin	2.3	495	72	7	36	\N
29	0	BuckwhaetGroatsandTurkeyBreast	2.7	452	72	4	32	\N
30	0	BuckwhaetGroatsandBeefLeg	3.6	519	72	11	33	\N
31	0	BuckwhaetGroatsandChicken	2.4	460	72	4	34	\N
32	0	MilletGroatsGroatsandChicken	2.4	443	70	3	34	\N
33	0	MilletGroatsGroatsandBeefLeg	3.6	502	70	10	33	\N
34	0	MilletGroatsGroatsandTurkeyBreast	2.7	435	70	3	32	\N
35	0	MilletGroatsGroatsandPorkLoin	2.3	478	70	6	36	\N
37	0	Millet groats with milk and strawberry	4.1	834	130	22	29	\N
38	1	Pasta with milk and strawberry	3.26	635	93	19	23	\N
\.


--
-- Data for Name: meal_images; Type: TABLE DATA; Schema: public; Owner: postgres
--

COPY public.meal_images (meal_id, images_id) FROM stdin;
\.


--
-- Data for Name: meal_ingredients; Type: TABLE DATA; Schema: public; Owner: postgres
--

COPY public.meal_ingredients (meals_id, ingredients_id) FROM stdin;
1	12
1	11
3	10
9	55
9	56
2	78
2	79
18	131
18	132
18	133
18	134
18	135
18	136
18	137
22	175
23	189
23	190
24	196
24	197
25	198
25	199
26	200
26	201
27	202
27	203
28	204
28	205
29	206
29	207
30	208
30	209
31	210
31	211
32	212
32	213
33	214
33	215
34	216
34	217
35	218
35	219
37	233
37	234
37	235
38	236
38	237
38	238
\.


--
-- Data for Name: mealoo_user; Type: TABLE DATA; Schema: public; Owner: postgres
--

COPY public.mealoo_user (id, email, age, height, physical_activity, sex, weight, daily_caloric_goal, password, username, mealoo_user_role) FROM stdin;
15	damian@gmail.com	21	183	2	0	93	3700	pass	naslakboss	2
222	client@gmail.com	28	170	2	0	65	2000	pass	client	1
14	test@gmail.com	30	100	3	0	50	4000	pass	test	0
\.


--
-- Data for Name: product; Type: TABLE DATA; Schema: public; Owner: postgres
--

COPY public.product (id, calories_per100g, carbohydrates_per100g, fats_per100g, proteins_per100g, name, price, product_type) FROM stdin;
1	146	1	10	13	Eggs	10	0
2	263	50	3	9	Bread	3	4
3	64	4	4	3	Milk	4	0
4	410	5	30	30	Beef	30	1
5	97	0	1	22	Chicken	15	1
6	326	65	2	12	Pasta	8	1
7	74	12	2	2	Strawberry	5	0
177	36	6	0	3	Sauerkraut5	4	3
174	387	69	7	12	Oats	6	4
188	352	80	0	8	Rice	10	4
191	363	72	3	12	BuckwheatGroats	9	4
192	346	70	2	12	MilletGroats	9	4
193	89	0	1	20	TurkeyBreast	18	1
194	132	0	4	24	PorkLoin	14	1
195	156	0	8	21	BeefLeg	27	1
\.


--
-- Name: hibernate_sequence; Type: SEQUENCE SET; Schema: public; Owner: postgres
--

SELECT pg_catalog.setval('public.hibernate_sequence', 254, true);


--
-- Name: meal_id_seq; Type: SEQUENCE SET; Schema: public; Owner: postgres
--

SELECT pg_catalog.setval('public.meal_id_seq', 38, true);


--
-- Name: food_diary food_diary_pkey; Type: CONSTRAINT; Schema: public; Owner: postgres
--

ALTER TABLE ONLY public.food_diary
    ADD CONSTRAINT food_diary_pkey PRIMARY KEY (id);


--
-- Name: image image_pkey; Type: CONSTRAINT; Schema: public; Owner: postgres
--

ALTER TABLE ONLY public.image
    ADD CONSTRAINT image_pkey PRIMARY KEY (id);


--
-- Name: ingredient ingredient_pkey; Type: CONSTRAINT; Schema: public; Owner: postgres
--

ALTER TABLE ONLY public.ingredient
    ADD CONSTRAINT ingredient_pkey PRIMARY KEY (id);


--
-- Name: meal meal_pkey; Type: CONSTRAINT; Schema: public; Owner: postgres
--

ALTER TABLE ONLY public.meal
    ADD CONSTRAINT meal_pkey PRIMARY KEY (id);


--
-- Name: mealoo_user mealoo_user_pkey; Type: CONSTRAINT; Schema: public; Owner: postgres
--

ALTER TABLE ONLY public.mealoo_user
    ADD CONSTRAINT mealoo_user_pkey PRIMARY KEY (id);


--
-- Name: product product_name_key; Type: CONSTRAINT; Schema: public; Owner: postgres
--

ALTER TABLE ONLY public.product
    ADD CONSTRAINT product_name_key UNIQUE (name);


--
-- Name: product product_pkey; Type: CONSTRAINT; Schema: public; Owner: postgres
--

ALTER TABLE ONLY public.product
    ADD CONSTRAINT product_pkey PRIMARY KEY (id);


--
-- Name: meal_images uk_t6ksfsbbi15u5bixqmwc7xvvq; Type: CONSTRAINT; Schema: public; Owner: postgres
--

ALTER TABLE ONLY public.meal_images
    ADD CONSTRAINT uk_t6ksfsbbi15u5bixqmwc7xvvq UNIQUE (images_id);


--
-- Name: food_diary_list_of_meals fk6djol8xerdlxuyj63tpblg838; Type: FK CONSTRAINT; Schema: public; Owner: postgres
--

ALTER TABLE ONLY public.food_diary_list_of_meals
    ADD CONSTRAINT fk6djol8xerdlxuyj63tpblg838 FOREIGN KEY (list_of_meals_id) REFERENCES public.meal(id);


--
-- Name: food_diary fk8tjncfvjqwq6s0d7mdajintne; Type: FK CONSTRAINT; Schema: public; Owner: postgres
--

ALTER TABLE ONLY public.food_diary
    ADD CONSTRAINT fk8tjncfvjqwq6s0d7mdajintne FOREIGN KEY (mealoo_user_id) REFERENCES public.mealoo_user(id);


--
-- Name: meal_ingredients fkg148rrrjoi076184yvx0ame5; Type: FK CONSTRAINT; Schema: public; Owner: postgres
--

ALTER TABLE ONLY public.meal_ingredients
    ADD CONSTRAINT fkg148rrrjoi076184yvx0ame5 FOREIGN KEY (meals_id) REFERENCES public.meal(id);


--
-- Name: image fkg3rtkcrh4dpc08dsr26o7bgno; Type: FK CONSTRAINT; Schema: public; Owner: postgres
--

ALTER TABLE ONLY public.image
    ADD CONSTRAINT fkg3rtkcrh4dpc08dsr26o7bgno FOREIGN KEY (meal_id) REFERENCES public.meal(id);


--
-- Name: ingredient fkgg86fhhgm573id99ipfd2br19; Type: FK CONSTRAINT; Schema: public; Owner: postgres
--

ALTER TABLE ONLY public.ingredient
    ADD CONSTRAINT fkgg86fhhgm573id99ipfd2br19 FOREIGN KEY (product_id) REFERENCES public.product(id);


--
-- Name: meal_images fkkoof6340s38vl411hh1pstefh; Type: FK CONSTRAINT; Schema: public; Owner: postgres
--

ALTER TABLE ONLY public.meal_images
    ADD CONSTRAINT fkkoof6340s38vl411hh1pstefh FOREIGN KEY (meal_id) REFERENCES public.meal(id);


--
-- Name: meal_images fkkx2y9i5vvmwpi9p2jgfrb9iq5; Type: FK CONSTRAINT; Schema: public; Owner: postgres
--

ALTER TABLE ONLY public.meal_images
    ADD CONSTRAINT fkkx2y9i5vvmwpi9p2jgfrb9iq5 FOREIGN KEY (images_id) REFERENCES public.image(id);


--
-- Name: food_diary_list_of_meals fkouhupncjvktsbfh7cif9cag37; Type: FK CONSTRAINT; Schema: public; Owner: postgres
--

ALTER TABLE ONLY public.food_diary_list_of_meals
    ADD CONSTRAINT fkouhupncjvktsbfh7cif9cag37 FOREIGN KEY (food_diaries_id) REFERENCES public.food_diary(id);


--
-- Name: meal_ingredients fkt5kreb5kp1e5kym25i7ijj0t5; Type: FK CONSTRAINT; Schema: public; Owner: postgres
--

ALTER TABLE ONLY public.meal_ingredients
    ADD CONSTRAINT fkt5kreb5kp1e5kym25i7ijj0t5 FOREIGN KEY (ingredients_id) REFERENCES public.ingredient(id);


--
-- PostgreSQL database dump complete
--

